month,lse_tone_mean,lse_pos_sum,lse_neg_sum,lse_unc_sum,vader_compound_mean,tb_polarity_mean,speech_count,ftse250_close,ftse100_close,ftse250_mean_close,period,ftse100_mean_close,cpih_annual_rate
1998-09-01,-0.23300970873786409,39.0,63.0,24.0,0.9959,0.08196442910878057,1,4657.922727272728,5589.08,4657.922727272728,Other,5589.08,1.7
1998-10-01,-0.16207430340557274,115.0,148.0,101.0,0.99915,0.08372319123932792,2,4516.204545454545,5646.9625,4516.204545454545,Other,5646.9625,1.6
1998-11-01,-0.31265117662476705,128.0,249.0,238.0,0.9969,0.08096917391746647,3,4885.033333333333,5611.05,4885.033333333333,Other,5611.05,1.7
1998-12-01,-0.3408061690947153,143.0,296.0,142.0,0.9992000000000001,0.07572099098261895,2,4761.9400000000005,5511.425,4761.9400000000005,Other,5511.425,1.9
1999-01-01,-0.28035714285714286,87.0,157.0,60.0,0.9979,0.08617192675609381,2,4904.9349999999995,6257.677777777778,4904.9349999999995,Other,6257.677777777778,1.7
1999-01-01,-0.28035714285714286,87.0,157.0,60.0,0.9979,0.08617192675609381,2,4904.9349999999995,6257.677777777778,4904.9349999999995,Other,6257.677777777778,2.0
1999-02-01,-0.07876646196696746,201.0,247.0,99.0,0.999425,0.08684359229484775,4,5192.545,6282.25,5192.545,Other,6282.25,1.9
1999-03-01,0.04886778167802326,136.0,116.0,75.0,0.99975,0.10216008431052365,2,5430.795652173913,6277.557142857143,5430.795652173913,Other,6277.557142857143,2.1
1999-05-01,0.035593268324420745,390.0,373.0,262.0,0.9997400000000001,0.09475391424196707,5,5760.773684210526,6194.425,5760.773684210526,Other,6194.425,1.7
1999-06-01,0.1325021181672558,129.0,102.0,77.0,0.9994666666666667,0.10829426777635846,3,5829.072727272727,6359.9375,5829.072727272727,Other,6359.9375,1.8
1999-08-01,-0.42767662620603797,235.0,617.0,460.0,0.00035000000000001696,0.05800749686052825,2,5996.571428571428,6306.43,5996.571428571428,Other,6306.43,1.6
1999-09-01,-0.3582483979436483,259.0,554.0,566.0,0.9994333333333333,0.07335279710300859,3,5908.877272727273,6334.366666666667,5908.877272727273,Other,6334.366666666667,1.6
1999-10-01,-0.05349943341086658,246.0,252.0,182.0,0.9953,0.0871836998090982,3,5631.0142857142855,6264.975,5631.0142857142855,Other,6264.975,1.5
1999-11-01,-0.24521339406207826,169.0,416.0,189.0,0.8732,0.08843187258757369,2,5965.427272727273,6246.6125,5965.427272727273,Other,6246.6125,1.5
1999-12-01,-0.2294133654302764,221.0,384.0,332.0,0.997425,0.09737887976247611,4,6306.7300000000005,6270.666666666667,6306.7300000000005,Other,6270.666666666667,1.5
2000-01-01,-0.009451561421670118,185.0,190.0,112.0,0.9995333333333334,0.10910680985096237,3,6433.85,6418.371428571429,6433.85,Other,6418.371428571429,1.2
2000-01-01,-0.009451561421670118,185.0,190.0,112.0,0.9995333333333334,0.10910680985096237,3,6433.85,6418.371428571429,6433.85,Other,6418.371428571429,1.2
2000-02-01,0.0338837916456358,388.0,319.0,331.0,0.99978,0.10939241332942214,5,6227.490476190476,6400.357142857143,6227.490476190476,Other,6400.357142857143,1.2
2000-03-01,0.08257049623572357,401.0,285.0,249.0,0.999275,0.09595647839354611,4,6639.717391304348,6372.075,6639.717391304348,Other,6372.075,1.0
2000-04-01,-0.11986028979493031,167.0,213.0,151.0,0.9987666666666666,0.09722921375603888,3,6235.955555555555,6394.411111111111,6235.955555555555,Other,6394.411111111111,0.9
2000-05-01,-0.010044854355153357,233.0,263.0,234.0,0.999825,0.10745834391568847,4,6227.504761904762,6432.85,6227.504761904762,Other,6432.85,1.0
2000-06-01,0.15097311201708405,205.0,145.0,117.0,0.99955,0.1298217722042535,4,6514.695454545454,6469.188888888889,6514.695454545454,Other,6469.188888888889,1.2
2000-07-01,0.20751231527093594,89.0,51.0,47.0,0.9992000000000001,0.13239182973100344,2,6719.785714285715,6443.64,6719.785714285715,Other,6443.64,1.2
2000-08-01,0.08634086803100888,198.0,173.0,113.0,0.9996999999999999,0.12747202579460248,3,6855.468181818182,6391.8,6855.468181818182,Other,6391.8,1.0
2000-09-01,-0.0725438596491228,148.0,292.0,124.0,0.0018500000000000183,0.11819896971020821,2,6873.1238095238095,6362.3,6873.1238095238095,Other,6362.3,1.3
2000-10-01,0.28469626423590616,231.0,145.0,194.0,0.9991333333333333,0.1622447968582907,3,6549.054545454546,6399.066666666667,6549.054545454546,Other,6399.066666666667,1.4
2000-11-01,-0.09890926067396655,192.0,226.0,141.0,0.9972333333333333,0.09937951156067475,3,6661.709090909091,6363.055555555556,6661.709090909091,Other,6363.055555555556,1.5
2001-01-01,-0.05885153256704981,156.0,178.0,140.0,0.9996666666666667,0.10757329343238291,3,6640.090909090909,5614.528571428571,6640.090909090909,Other,5614.528571428571,1.2
2001-01-01,-0.05885153256704981,156.0,178.0,140.0,0.9996666666666667,0.10757329343238291,3,6640.090909090909,5614.528571428571,6640.090909090909,Other,5614.528571428571,1.6
2001-02-01,-0.20585413787271759,136.0,202.0,177.0,0.9989666666666667,0.09923376005833863,3,6720.57,5675.044444444445,6720.57,Other,5675.044444444445,1.2
2001-03-01,-0.08561523052318198,349.0,394.0,396.0,0.999125,0.09403840038575018,4,6299.231818181818,5476.85,6299.231818181818,Other,5476.85,1.3
2001-04-01,0.04654140339208513,131.0,137.0,148.0,0.9995666666666666,0.10405758986428236,3,6187.578947368421,5580.425,6187.578947368421,Other,5580.425,1.5
2001-05-01,-0.15774270677007834,444.0,604.0,343.0,0.6904166666666667,0.09937480910450654,6,6533.1238095238095,5638.71,6533.1238095238095,Other,5638.71,1.9
2001-06-01,-0.3022302233045003,229.0,491.0,253.0,0.33286666666666664,0.08643765705596591,3,6463.314285714286,5622.466666666666,6463.314285714286,Other,5622.466666666666,1.9
2001-07-01,-0.4649743067057375,125.0,348.0,157.0,0.99915,0.09541978931106954,2,6118.9047619047615,5609.0,6118.9047619047615,Other,5609.0,1.7
2001-08-01,-0.1276595744680851,20.0,26.0,12.0,0.7993,0.12823666624637495,1,6145.857142857143,5747.9,6145.857142857143,Other,5747.9,2.1
2001-09-01,-0.20625057933322574,478.0,768.0,450.0,0.60646,0.09349678361178429,5,5407.6,5650.455555555555,5407.6,Other,5650.455555555555,1.7
2001-10-01,-0.1945781718620371,258.0,502.0,241.0,0.9168000000000001,0.08670583093535439,4,5343.809523809524,5511.7375,5343.809523809524,Other,5511.7375,1.6
2001-11-01,-0.023792869036632136,164.0,217.0,173.0,0.995025,0.09696075420789338,4,5761.063636363636,5515.4875,5761.063636363636,Other,5515.4875,1.2
2001-12-01,-0.1875170905113481,117.0,178.0,170.0,0.9999,0.11411145948095779,2,5896.105263157895,5557.9400000000005,5896.105263157895,Other,5557.9400000000005,1.4
2002-01-01,0.2450592885375494,87.0,64.0,37.0,0.9992000000000001,0.15020979693643827,3,5975.040909090909,4572.7,5975.040909090909,Other,4572.7,1.5
2002-01-01,0.2450592885375494,87.0,64.0,37.0,0.9992000000000001,0.15020979693643827,3,5975.040909090909,4572.7,5975.040909090909,Other,4572.7,1.8
2002-02-01,0.01931729600843707,106.0,101.0,75.0,0.9989666666666667,0.10638315600136909,3,5790.705,4563.3125,5790.705,Other,4563.3125,1.7
2002-03-01,-0.2346553330928331,215.0,386.0,354.0,0.9764,0.09352591873672834,4,6072.469999999999,4592.371428571429,6072.469999999999,Other,4592.371428571429,1.7
2002-04-01,-0.08761294840516853,214.0,248.0,176.0,0.998175,0.08987896044021249,4,6158.5199999999995,4604.955555555555,6158.5199999999995,Other,4604.955555555555,1.6
2002-05-01,-0.10879010695187166,160.0,201.0,198.0,0.99905,0.07781563014059129,2,6129.290909090909,4592.722222222223,6129.290909090909,Other,4592.722222222223,1.2
2002-06-01,0.026044020609238,279.0,292.0,164.0,0.9998,0.08900947916676216,2,5717.611111111111,4518.9,5717.611111111111,Other,4518.9,1.1
2002-09-01,-0.1411192214111922,207.0,339.0,235.0,0.99985,0.1086441658178754,2,4586.0952380952385,4526.2125,4586.0952380952385,Other,4526.2125,1.2
2002-10-01,-0.1787037037037037,165.0,247.0,153.0,0.9992000000000001,0.06900238894056829,2,4295.608695652174,4602.1375,4295.608695652174,Other,4602.1375,1.5
2002-11-01,-0.08188383398289187,347.0,457.0,378.0,0.9997,0.09363388844187703,4,4483.7095238095235,4607.61,4483.7095238095235,Other,4607.61,1.6
2002-12-01,-0.08333138261610654,267.0,480.0,259.0,0.499525,0.10358828688549347,4,4359.755,4550.200000000001,4359.755,Other,4550.200000000001,1.7
2003-01-01,-0.13771929824561402,110.0,149.0,104.0,0.9992000000000001,0.07991475110471483,2,4265.428571428572,4058.6857142857143,4265.428571428572,Other,4058.6857142857143,1.4
2003-01-01,-0.13771929824561402,110.0,149.0,104.0,0.9992000000000001,0.07991475110471483,2,4265.428571428572,4058.6857142857143,4265.428571428572,Other,4058.6857142857143,1.4
2003-02-01,-0.27666666666666667,108.0,191.0,152.0,0.9927,0.06237479100052028,1,4053.3315789473686,4080.5125,4053.3315789473686,Other,4080.5125,1.6
2003-03-01,-0.14506016644174538,227.0,379.0,328.0,0.999425,0.12060666403936435,4,3977.1809523809525,4055.13,3977.1809523809525,Other,4055.13,1.6
2003-04-01,-0.45977011494252873,70.0,190.0,66.0,-0.9999,0.08276537222394208,1,4203.04,4026.1444444444446,4203.04,Other,4026.1444444444446,1.5
2003-06-01,0.31748021380038566,133.0,83.0,102.0,0.9998,0.13546534420086306,3,4984.771428571428,3996.9625,4984.771428571428,Other,3996.9625,1.2
2003-07-01,-0.5576923076923077,11.0,40.0,41.0,0.9817,0.07639078046381419,1,5151.952173913043,3977.3555555555554,5151.952173913043,Other,3977.3555555555554,1.3
2003-08-01,-0.2879089176240276,220.0,426.0,411.0,0.99995,0.08466898231516218,2,5458.085,4108.05,5458.085,Other,4108.05,1.4
2003-09-01,-0.4435146443514644,66.0,172.0,82.0,-0.9999,0.06572800373871399,1,5646.227272727273,4113.25,5646.227272727273,Other,4113.25,1.3
2003-10-01,0.02032115171650055,176.0,213.0,179.0,0.99975,0.0881127692935844,2,5704.939130434783,4017.46,5704.939130434783,Other,4017.46,1.3
2003-11-01,-0.27512046068868257,137.0,249.0,167.0,0.99905,0.08050452630873473,2,5731.5650000000005,4025.9444444444443,5731.5650000000005,Other,4025.9444444444443,1.3
2004-01-01,-0.16021241314842846,374.0,622.0,638.0,0.998325,0.07871544371548209,8,5993.133333333333,4545.775,5993.133333333333,Other,4545.775,1.5
2004-01-01,-0.16021241314842846,374.0,622.0,638.0,0.998325,0.07871544371548209,8,5993.133333333333,4545.775,5993.133333333333,Other,4545.775,1.4
2004-02-01,0.03773584905660377,82.0,76.0,58.0,0.9999,0.09831076434083112,1,6183.3099999999995,4510.62,6183.3099999999995,Other,4510.62,1.4
2004-03-01,-0.28768567221909214,220.0,487.0,319.0,0.33136666666666664,0.09826351853310143,3,6249.156521739131,4542.571428571428,6249.156521739131,Other,4542.571428571428,1.2
2004-04-01,-0.15115562403697996,96.0,130.0,137.0,0.008550000000000002,0.08744710396213864,2,6308.8150000000005,4539.628571428571,6308.8150000000005,Other,4539.628571428571,1.1
2004-06-01,0.29891304347826086,103.0,56.0,30.0,0.9995,0.08286050073923609,2,6150.813636363636,4510.933333333333,6150.813636363636,Other,4510.933333333333,1.5
2004-07-01,-0.14969741710693618,177.0,271.0,235.0,0.9994333333333333,0.09260038490128715,3,6069.504545454546,4535.3875,6069.504545454546,Other,4535.3875,1.4
2004-08-01,-0.359375,20.0,43.0,58.0,0.9997,0.08327980715789897,1,5956.761904761905,4566.822222222222,5956.761904761905,Other,4566.822222222222,1.4
2004-09-01,0.28242234772085517,135.0,78.0,166.0,0.9995499999999999,0.10646816123689926,2,6231.304545454546,4509.322222222222,6231.304545454546,Other,4509.322222222222,1.2
2004-10-01,-0.0583986562150056,88.0,99.0,101.0,0.9984500000000001,0.038844172313277574,2,6312.966666666666,4519.4875,6312.966666666666,Other,4519.4875,1.3
2004-11-01,-0.06283766718791141,157.0,170.0,145.0,0.9978000000000001,0.10648369441172839,3,6534.490909090909,4507.785714285715,6534.490909090909,Other,4507.785714285715,1.5
2004-12-01,-0.39106145251396646,54.0,124.0,223.0,-0.9545,0.06307865368723513,1,6754.480952380953,4479.6875,6754.480952380953,Other,4479.6875,1.8
2005-01-01,-0.11034635839105113,154.0,198.0,171.0,0.9984666666666667,0.06722349327484979,3,7040.055,5160.266666666666,7040.055,Pre-Brexit (benign),5160.266666666666,1.7
2005-01-01,-0.11034635839105113,154.0,198.0,171.0,0.9984666666666667,0.06722349327484979,3,7040.055,5160.266666666666,7040.055,Pre-Brexit (benign),5160.266666666666,2.1
2005-02-01,-0.12083191581048287,160.0,186.0,199.0,0.9985666666666667,0.0870065331992556,3,7285.225,5207.857142857143,7285.225,Pre-Brexit (benign),5207.857142857143,1.7
2005-03-01,-0.05244158863861417,231.0,259.0,417.0,0.999475,0.10139089576459505,4,7218.200000000001,5149.914285714286,7218.200000000001,Pre-Brexit (benign),5149.914285714286,2.0
2005-05-01,-0.14946026977685872,269.0,369.0,410.0,0.9988400000000001,0.08534629204538816,5,6883.08,5179.0,6883.08,Pre-Brexit (benign),5179.0,1.9
2005-06-01,-0.1167562724014337,107.0,132.0,165.0,0.9917333333333334,0.08933425770618948,3,7280.181818181818,5146.375,7280.181818181818,Pre-Brexit (benign),5146.375,2.0
2005-08-01,-0.15416666666666667,45.0,53.0,62.0,0.9917,0.13048504070733133,2,7686.618181818182,5211.444444444444,7686.618181818182,Pre-Brexit (benign),5211.444444444444,2.4
2005-09-01,-0.07892036124794746,95.0,133.0,121.0,0.9977,0.08644409453217941,2,7866.477272727273,5198.27375,7866.477272727273,Pre-Brexit (benign),5198.27375,2.5
2005-10-01,-0.10442035210916878,114.0,145.0,144.0,0.997,0.078632637826815,3,7666.4047619047615,5112.6375,7666.4047619047615,Pre-Brexit (benign),5112.6375,2.4
2005-11-01,-0.05871806951423786,184.0,205.0,217.0,0.99975,0.10754080088315301,2,8115.354545454545,5126.700000000001,8115.354545454545,Pre-Brexit (benign),5126.700000000001,2.2
2005-12-01,-0.1348314606741573,38.0,50.0,85.0,0.9997,0.11935993696156305,1,8579.256,5175.6,8579.256,Pre-Brexit (benign),5175.6,2.1
2006-01-01,-0.08241318446787418,215.0,245.0,214.0,0.99925,0.09120492512832781,4,8967.943333333333,5913.7699999999995,8967.943333333333,Pre-Brexit (benign),5913.7699999999995,2.2
2006-01-01,-0.08241318446787418,215.0,245.0,214.0,0.99925,0.09120492512832781,4,8967.943333333333,5913.7699999999995,8967.943333333333,Pre-Brexit (benign),5913.7699999999995,2.5
2006-02-01,-0.1935897435897436,128.0,189.0,116.0,0.0005999999999999894,0.08709855571052633,2,9366.8455,5923.74,9366.8455,Pre-Brexit (benign),5923.74,2.2
2006-03-01,-0.13675,92.0,111.0,108.0,0.0008499999999999619,0.05350968881150503,2,9681.899130434782,5904.64,9681.899130434782,Pre-Brexit (benign),5904.64,2.0
2006-04-01,-0.3586206896551724,46.0,98.0,61.0,0.9998,0.040627467944451885,1,9883.250555555556,5941.57125,9883.250555555556,Pre-Brexit (benign),5941.57125,2.2
2006-05-01,-0.09001623376623377,198.0,294.0,430.0,0.999275,0.08485441869322641,4,9583.132857142857,5936.04875,9583.132857142857,Pre-Brexit (benign),5936.04875,2.4
2006-06-01,-0.050378787878787884,49.0,55.0,55.0,0.9995,0.0762536107683166,2,9129.41909090909,5925.273999999999,9129.41909090909,Pre-Brexit (benign),5925.273999999999,2.6
2006-07-01,0.013019427954668095,85.0,90.0,93.0,0.99895,0.10743398181775891,2,9284.642857142857,5920.872222222222,9284.642857142857,Pre-Brexit (benign),5920.872222222222,2.5
2006-08-01,-0.27631578947368424,27.0,48.0,48.0,0.9978,0.08716206261510132,1,9410.009545454544,5907.095,9410.009545454544,Pre-Brexit (benign),5907.095,2.6
2006-09-01,-0.2310641998734978,83.0,144.0,104.0,0.0005000000000000004,0.08754333263486945,2,9755.73380952381,5909.9725,9755.73380952381,Pre-Brexit (benign),5909.9725,2.5
2006-10-01,-0.12728128204192274,268.0,357.0,330.0,0.999,0.10448598796409982,6,10272.568181818182,5945.837777777778,10272.568181818182,Pre-Brexit (benign),5945.837777777778,2.5
2006-11-01,-0.04316372715175245,277.0,335.0,232.0,0.99922,0.08943529748680522,5,10616.833181818183,5943.93375,10616.833181818183,Pre-Brexit (benign),5943.93375,2.8
2006-12-01,-0.2257104174272849,181.0,278.0,326.0,0.9984000000000001,0.09179295159987337,3,10993.71157894737,5912.8325,10993.71157894737,Pre-Brexit (benign),5912.8325,2.9
2007-01-01,0.034198837996306346,364.0,352.0,251.0,0.558,0.09803884247255226,4,11158.678636363637,6405.342857142858,11158.678636363637,Pre-Brexit (benign),6405.342857142858,2.4
2007-01-01,0.034198837996306346,364.0,352.0,251.0,0.558,0.09803884247255226,4,11158.678636363637,6405.342857142858,11158.678636363637,Pre-Brexit (benign),6405.342857142858,2.7
2007-02-01,-0.15217215762273903,174.0,289.0,170.0,0.9975666666666667,0.10813892000293407,3,11467.337,6384.428888888889,11467.337,Pre-Brexit (benign),6384.428888888889,2.7
2007-03-01,0.005627142466659352,312.0,348.0,423.0,0.999525,0.08929335207771223,4,11369.423636363637,6415.49625,11369.423636363637,Pre-Brexit (benign),6415.49625,2.9
2007-04-01,-0.4240506329113924,45.0,112.0,158.0,0.9973,0.08324463738508676,1,11902.105263157895,6479.06,11902.105263157895,Pre-Brexit (benign),6479.06,2.7
2007-05-01,-0.14850235196458217,213.0,271.0,189.0,0.9995,0.09314195833240982,2,12097.837142857144,6408.364,12097.837142857144,Pre-Brexit (benign),6408.364,2.5
2007-06-01,0.031317466558518275,355.0,340.0,337.0,0.9996600000000001,0.1002327875034735,5,11730.268095238096,6395.05875,11730.268095238096,Pre-Brexit (benign),6395.05875,2.5
2007-07-01,-0.027142795688612303,585.0,664.0,570.0,0.6669666666666667,0.10235427482394167,6,11642.255454545455,6353.011428571429,11642.255454545455,Pre-Brexit (benign),6353.011428571429,2.0
2007-09-01,-0.24912807318467697,134.0,261.0,94.0,-4.999999999999449e-05,0.10356849640687227,2,11089.73,6409.73375,11089.73,Pre-Brexit (benign),6409.73375,2.0
2007-10-01,-0.33554004909025403,189.0,394.0,272.0,0.6067750000000001,0.08384972671850793,4,11411.31347826087,6388.0325,11411.31347826087,Pre-Brexit (benign),6388.0325,2.3
2007-11-01,-0.20231021494902268,168.0,241.0,180.0,0.9997333333333334,0.08956610697602574,3,10814.084090909091,6491.7225,10814.084090909091,Pre-Brexit (benign),6491.7225,2.2
2007-12-01,-0.2774566473988439,62.0,110.0,101.0,0.9999,0.08952726289620051,1,10480.522631578948,6439.485,10480.522631578948,Pre-Brexit (benign),6439.485,2.3
2008-01-01,-0.4935330156569095,62.0,192.0,89.0,0.7997,0.07741137539002002,2,9880.499090909092,5428.94375,9880.499090909092,Pre-Brexit (benign),5428.94375,2.4
2008-01-01,-0.4935330156569095,62.0,192.0,89.0,0.7997,0.07741137539002002,2,9880.499090909092,5428.94375,9880.499090909092,Pre-Brexit (benign),5428.94375,3.5
2008-02-01,-0.18780126022783264,275.0,384.0,332.0,0.9384599999999998,0.1021326401866139,5,10079.410476190476,5574.485,10079.410476190476,Pre-Brexit (benign),5574.485,2.6
2008-03-01,-0.11285803237858032,81.0,107.0,43.0,0.9984,0.08643899581163667,2,9809.285789473684,5424.085555555556,9809.285789473684,Pre-Brexit (benign),5424.085555555556,2.6
2008-04-01,-0.2692737545826714,351.0,640.0,500.0,0.9994000000000001,0.08473843308077851,6,10096.67909090909,5495.780000000001,10096.67909090909,Pre-Brexit (benign),5495.780000000001,3.0
2008-06-01,-0.25037430694644447,139.0,254.0,145.0,0.998525,0.09546731135124158,4,9553.703333333335,5444.495714285715,9553.703333333335,Pre-Brexit (benign),5444.495714285715,3.7
2008-07-01,-0.11169334305931614,298.0,392.0,365.0,0.9996600000000001,0.08163779804453633,5,8716.34,5555.095555555556,8716.34,Pre-Brexit (benign),5555.095555555556,4.2
2008-09-01,-0.3833758881184307,238.0,514.0,434.0,0.60346,0.07825784240212282,5,8746.298181818182,5497.39375,8746.298181818182,Pre-Brexit (benign),5497.39375,4.8
2008-10-01,-0.4564402384389791,246.0,662.0,238.0,0.53484,0.07973689102722288,5,6706.872173913043,5235.604444444445,6706.872173913043,Pre-Brexit (benign),5235.604444444445,4.2
2008-11-01,-0.36535738936791706,166.0,328.0,135.0,0.99705,0.07338422830468463,4,6147.33,5397.6050000000005,6147.33,Pre-Brexit (benign),5397.6050000000005,3.8
2008-12-01,-0.08040201005025126,91.0,107.0,43.0,0.9924,0.08365633781423257,1,6158.3909523809525,5388.8825,6158.3909523809525,Pre-Brexit (benign),5388.8825,3.0
2009-01-01,-0.47260304869373915,133.0,403.0,147.0,0.3326333333333333,0.07755851953734651,3,6411.688095238096,4603.63,6411.688095238096,Pre-Brexit (benign),4603.63,2.0
2009-01-01,-0.47260304869373915,133.0,403.0,147.0,0.3326333333333333,0.07755851953734651,3,6411.688095238096,4603.63,6411.688095238096,Pre-Brexit (benign),4603.63,2.9
2009-02-01,-0.42908937399128727,441.0,1112.0,516.0,0.34595000000000004,0.08445191704588584,6,6268.8910000000005,4533.9800000000005,6268.8910000000005,Pre-Brexit (benign),4533.9800000000005,3.1
2009-03-01,-0.356075690309701,337.0,755.0,434.0,0.5987199999999999,0.07561810803821598,5,6147.399090909091,4461.704444444444,6147.399090909091,Pre-Brexit (benign),4461.704444444444,2.8
2009-04-01,-0.36076762246117083,163.0,361.0,239.0,-0.00020000000000003348,0.0670216634089076,2,7070.8725,4602.104285714286,7070.8725,Pre-Brexit (benign),4602.104285714286,2.3
2009-05-01,-0.2590565676420432,247.0,575.0,461.0,0.60014,0.12014304193130691,5,7613.05894736842,4488.87875,7613.05894736842,Pre-Brexit (benign),4488.87875,2.1
2009-06-01,-0.18787489593883736,354.0,544.0,321.0,0.7459166666666667,0.09239853904261557,6,7516.076818181818,4446.41,7516.076818181818,Pre-Brexit (benign),4446.41,1.7
2009-07-01,-0.3068879094287443,74.0,144.0,101.0,0.0021000000000000463,0.09605561082180475,2,7575.779130434783,4638.50125,7575.779130434783,Pre-Brexit (benign),4638.50125,1.6
2009-08-01,-0.3679060665362035,161.0,349.0,222.0,0.9999,0.0768116660780878,1,8487.2305,4595.4425,8487.2305,Pre-Brexit (benign),4595.4425,1.4
2009-09-01,-0.19918597751897513,376.0,550.0,344.0,0.9989399999999999,0.08292685774694668,5,9071.063181818181,4545.094999999999,9071.063181818181,Pre-Brexit (benign),4545.094999999999,1.0
2009-10-01,-0.418348217539804,227.0,562.0,288.0,0.703975,0.05331816176847308,4,9252.195,4584.62875,9252.195,Pre-Brexit (benign),4584.62875,1.2
2009-11-01,-0.38166673216044217,269.0,570.0,260.0,0.99788,0.09562783971147189,5,9152.50857142857,4629.57125,9152.50857142857,Pre-Brexit (benign),4629.57125,1.5
2009-12-01,-0.29151119433905553,209.0,390.0,229.0,0.98755,0.07661744410153602,4,9124.200476190475,4551.4262499999995,9124.200476190475,Pre-Brexit (benign),4551.4262499999995,2.1
2010-01-01,-0.35258654820709956,194.0,402.0,232.0,0.49815,0.08377073571703259,4,9480.3625,5407.08,9480.3625,Pre-Brexit (benign),5407.08,2.5
2010-01-01,-0.35258654820709956,194.0,402.0,232.0,0.49815,0.08377073571703259,4,9480.3625,5407.08,9480.3625,Pre-Brexit (benign),5407.08,2.6
2010-02-01,-0.3236466595963397,195.0,367.0,249.0,0.9905333333333334,0.08553098182314035,3,9245.0905,5381.24,9245.0905,Pre-Brexit (benign),5381.24,2.1
2010-03-01,-0.2956237086715714,388.0,788.0,534.0,0.9991500000000001,0.09470378364026172,6,9924.916086956522,5473.78,9924.916086956522,Pre-Brexit (benign),5473.78,2.4
2010-04-01,-0.37037037037037035,93.0,203.0,157.0,-0.998,0.0764488018567516,1,10449.628,5438.605,10449.628,Pre-Brexit (benign),5438.605,2.7
2010-05-01,-0.3436619718309859,116.0,238.0,63.0,0.9987,0.08057416868947873,1,9780.315789473685,5403.19125,9780.315789473685,Pre-Brexit (benign),5403.19125,2.5
2010-06-01,-0.32166279355230387,151.0,313.0,171.0,0.35805,0.07813729425659974,4,9685.395909090908,5469.95375,9685.395909090908,Pre-Brexit (benign),5469.95375,2.4
2010-07-01,-0.2999433765271498,244.0,429.0,436.0,0.5264,0.08263112034352305,4,9778.644545454545,5421.76,9778.644545454545,Pre-Brexit (benign),5421.76,2.3
2010-08-01,-0.2113323124042879,257.0,395.0,325.0,1.0,0.09964674998008292,1,9904.727142857142,5481.143,9904.727142857142,Pre-Brexit (benign),5481.143,2.4
2010-09-01,-0.24132577655572612,443.0,796.0,423.0,0.42874285714285715,0.07719867241657767,7,10402.09,5476.861111111111,10402.09,Pre-Brexit (benign),5476.861111111111,2.4
2010-10-01,-0.2733754648285439,422.0,782.0,465.0,0.9926857142857143,0.09019185962164622,7,10813.172380952381,5475.0525,10813.172380952381,Pre-Brexit (benign),5475.0525,2.5
2010-11-01,-0.28726299230789715,364.0,631.0,456.0,0.97758,0.06981421658393425,5,10855.671818181818,5443.4425,10855.671818181818,Pre-Brexit (benign),5443.4425,2.6
2010-12-01,-0.2548544337606838,220.0,384.0,178.0,0.999,0.07651110628183135,3,11351.877619047618,5479.938888888889,11351.877619047618,Pre-Brexit (benign),5479.938888888889,3.1
2011-01-01,-0.2413285630433987,241.0,432.0,235.0,0.007525000000000004,0.08583357903104666,4,11655.0925,5769.54,11655.0925,Pre-Brexit (benign),5769.54,3.4
2011-01-01,-0.2413285630433987,241.0,432.0,235.0,0.007525000000000004,0.08583357903104666,4,11655.0925,5769.54,11655.0925,Pre-Brexit (benign),5769.54,3.8
2011-02-01,-0.22392856234658962,373.0,637.0,405.0,0.7154428571428572,0.08715623411014552,7,11698.598,5687.098571428572,11698.598,Pre-Brexit (benign),5687.098571428572,3.7
2011-03-01,-0.2381330982869816,461.0,790.0,705.0,0.21468888888888887,0.08385023507188072,9,11518.82652173913,5733.138571428572,11518.82652173913,Pre-Brexit (benign),5733.138571428572,3.5
2011-04-01,-0.16827135162365342,286.0,403.0,254.0,0.995125,0.07824820518484006,4,11717.762222222222,5764.996666666667,11717.762222222222,Pre-Brexit (benign),5764.996666666667,3.8
2011-05-01,-0.14645129583924824,450.0,588.0,439.0,0.43022857142857146,0.0739222665755108,7,11929.9185,5626.82875,11929.9185,Pre-Brexit (benign),5626.82875,3.8
2011-06-01,-0.3598977021394366,250.0,504.0,316.0,0.43602857142857143,0.08446342691538582,7,11768.967272727272,5740.03875,11768.967272727272,Pre-Brexit (benign),5740.03875,3.6
2011-07-01,-0.47090752762892596,220.0,593.0,479.0,0.009750000000000009,0.08709165039708511,4,11829.433333333334,5761.543,11829.433333333334,Pre-Brexit (benign),5761.543,3.8
2011-08-01,-0.32479566718905944,141.0,258.0,248.0,-0.3306,0.0756296792992047,3,10293.071818181817,5709.083333333333,10293.071818181817,Pre-Brexit (benign),5709.083333333333,3.9
2011-09-01,-0.2995592928761552,630.0,1135.0,784.0,0.35026666666666667,0.08453047151720632,6,10141.957727272727,5644.7225,10141.957727272727,Pre-Brexit (benign),5644.7225,4.5
2011-10-01,-0.25798102047729127,296.0,579.0,385.0,0.7038285714285715,0.0838781961850114,7,10196.165238095238,5682.1587500000005,10196.165238095238,Pre-Brexit (benign),5682.1587500000005,4.3
2011-11-01,-0.34367132714257115,233.0,498.0,322.0,0.6428142857142858,0.08855331610260535,7,10108.921818181818,5774.234444444444,10108.921818181818,Pre-Brexit (benign),5774.234444444444,4.1
2011-12-01,-0.3091596638655462,118.0,225.0,117.0,0.998,0.07890872080929903,2,10022.5135,5643.5525,10022.5135,Pre-Brexit (benign),5643.5525,3.7
2012-01-01,-0.3008847441415591,181.0,327.0,202.0,0.992325,0.10440895930085854,4,10565.137142857144,5741.368571428572,10565.137142857144,Pre-Brexit (benign),5741.368571428572,3.2
2012-01-01,-0.3008847441415591,181.0,327.0,202.0,0.992325,0.10440895930085854,4,10565.137142857144,5741.368571428572,10565.137142857144,Pre-Brexit (benign),5741.368571428572,2.6
2012-02-01,-0.37174855101114385,197.0,520.0,437.0,0.5981,0.07451959633505992,5,11304.593809523809,5790.1425,11304.593809523809,Pre-Brexit (benign),5790.1425,3.1
2012-03-01,-0.2844289912023063,506.0,871.0,498.0,0.5173,0.09238045238660214,12,11575.489090909092,5792.926666666666,11575.489090909092,Pre-Brexit (benign),5792.926666666666,3.1
2012-04-01,-0.21633484105404924,149.0,236.0,191.0,0.9996333333333333,0.09775215817320548,3,11376.374736842105,5725.797142857143,11376.374736842105,Pre-Brexit (benign),5725.797142857143,2.8
2012-05-01,-0.4770279900659223,259.0,751.0,467.0,-0.2516375,0.06648258798476753,8,10771.950909090909,5771.925,10771.950909090909,Pre-Brexit (benign),5771.925,2.5
2012-06-01,-0.41104578067798697,307.0,867.0,638.0,0.4975125,0.08259369488398294,8,10712.089473684211,5747.427777777778,10712.089473684211,Pre-Brexit (benign),5747.427777777778,2.3
2012-07-01,-0.5432098765432098,18.0,62.0,44.0,-0.9993,0.07913130903187726,1,11066.927727272727,5781.647142857143,11066.927727272727,Pre-Brexit (benign),5781.647142857143,2.4
2012-08-01,-0.4954128440366973,27.0,81.0,32.0,0.9997,0.09324727257889211,1,11431.538181818181,5741.285714285715,11431.538181818181,Pre-Brexit (benign),5741.285714285715,2.3
2012-09-01,-0.2665695669549317,404.0,715.0,459.0,0.9916,0.0881444234637997,6,11809.3405,5748.005,11809.3405,Pre-Brexit (benign),5748.005,2.1
2012-10-01,-0.33496438250506116,597.0,1284.0,595.0,0.25526363636363636,0.08636693708825884,11,11940.38652173913,5743.478888888889,11940.38652173913,Pre-Brexit (benign),5743.478888888889,2.4
2012-11-01,-0.32993316898535235,139.0,276.0,186.0,-0.3311,0.088980317260074,3,11880.250454545456,5690.605,11880.250454545456,Pre-Brexit (benign),5690.605,2.4
2012-12-01,-0.24518115942028984,124.0,205.0,162.0,0.33249999999999996,0.07965629630863064,3,12252.474736842105,5737.348888888889,12252.474736842105,Pre-Brexit (benign),5737.348888888889,2.4
2013-01-01,-0.29557422969187674,164.0,281.0,159.0,0.8979,0.09341055505872428,4,12865.957727272727,6480.234285714286,12865.957727272727,Pre-Brexit (benign),6480.234285714286,2.3
2013-01-01,-0.29557422969187674,164.0,281.0,159.0,0.8979,0.09341055505872428,4,12865.957727272727,6480.234285714286,12865.957727272727,Pre-Brexit (benign),6480.234285714286,2.4
2013-02-01,-0.09781920709995985,405.0,514.0,569.0,0.9996666666666667,0.09460193244393816,6,13494.66,6433.69625,13494.66,Pre-Brexit (benign),6433.69625,2.5
2013-03-01,-0.15566037735849056,89.0,122.0,65.0,0.9991,0.10256352954404903,1,13960.266500000002,6399.24375,13960.266500000002,Pre-Brexit (benign),6399.24375,2.5
2013-04-01,-0.04776866252728322,182.0,255.0,190.0,0.97918,0.12074157662698251,5,13779.715714285712,6420.889,13779.715714285712,Pre-Brexit (benign),6420.889,2.2
2013-05-01,-0.24104587293888877,434.0,757.0,455.0,0.9979571428571428,0.07907239485997793,7,14401.32619047619,6461.834444444445,14401.32619047619,Pre-Brexit (benign),6461.834444444445,2.4
2013-06-01,-0.27744794227808267,326.0,590.0,391.0,0.998475,0.09734257263605836,8,13824.8135,6500.615714285714,13824.8135,Pre-Brexit (benign),6500.615714285714,2.6
2013-07-01,-0.20911568746214415,47.0,104.0,46.0,0.9987999999999999,0.15075530710145651,2,14600.114782608696,6418.395,14600.114782608696,Pre-Brexit (benign),6418.395,2.5
2013-08-01,-0.20181731229076996,111.0,163.0,74.0,0.99965,0.09524611603626218,2,14924.292380952382,6412.84,14924.292380952382,Pre-Brexit (benign),6412.84,2.4
2013-09-01,0.03793939447154817,391.0,409.0,349.0,0.9906666666666667,0.10480126567625907,6,15056.849999999999,6441.15,15056.849999999999,Pre-Brexit (benign),6441.15,2.4
2013-10-01,-0.22516990296534234,440.0,684.0,456.0,0.5932333333333334,0.09047528826391442,9,15177.989565217391,6444.6325,15177.989565217391,Pre-Brexit (benign),6444.6325,2.0
2013-11-01,-0.20450897520092565,216.0,346.0,355.0,0.998875,0.09045033108420102,4,15327.76,6451.361,15327.76,Pre-Brexit (benign),6451.361,1.9
2013-12-01,-0.04867089621455628,285.0,343.0,335.0,0.9992666666666666,0.10183558278655813,6,15464.978500000001,6490.348888888889,15464.978500000001,Pre-Brexit (benign),6490.348888888889,1.9
2014-01-01,-0.1881122559050169,303.0,443.0,242.0,0.9978400000000001,0.09178614883075412,5,15995.07090909091,6711.825714285714,15995.07090909091,Pre-Brexit (benign),6711.825714285714,1.5
2014-01-01,-0.1881122559050169,303.0,443.0,242.0,0.9978400000000001,0.09178614883075412,5,15995.07090909091,6711.825714285714,15995.07090909091,Pre-Brexit (benign),6711.825714285714,1.8
2014-02-01,-0.3445006565227466,102.0,231.0,309.0,0.99915,0.08803500345191899,2,16153.739000000001,6737.1875,16153.739000000001,Pre-Brexit (benign),6737.1875,1.6
2014-03-01,-0.08504423943987255,562.0,644.0,429.0,0.9994888888888889,0.11214761325432912,9,16330.510952380951,6686.142,16330.510952380951,Pre-Brexit (benign),6686.142,1.5
2014-04-01,-0.230447400258721,145.0,239.0,246.0,0.9990333333333333,0.10349376320958588,3,16026.645499999999,6704.677777777779,16026.645499999999,Pre-Brexit (benign),6704.677777777779,1.7
2014-05-01,-0.2622365761293309,513.0,814.0,467.0,0.7109428571428572,0.0909859572420353,7,15800.6685,6695.194285714286,15800.6685,Pre-Brexit (benign),6695.194285714286,1.5
2014-06-01,-0.2808880202752235,309.0,549.0,383.0,0.3425833333333333,0.08964812129297357,6,15849.930952380952,6685.6537499999995,15849.930952380952,Pre-Brexit (benign),6685.6537499999995,1.8
2014-07-01,-0.33680131470918695,311.0,652.0,403.0,-0.4058571428571428,0.0961815228516839,7,15663.669130434782,6660.308888888889,15663.669130434782,Pre-Brexit (benign),6660.308888888889,1.6
2014-08-01,-0.10795454545454546,78.0,97.0,68.0,0.995,0.0849687201363586,1,15632.0095,6680.83625,15632.0095,Pre-Brexit (benign),6680.83625,1.5
2014-09-01,-0.07904031165181304,418.0,456.0,561.0,0.99964,0.10281672831145543,5,15690.547727272728,6690.61,15690.547727272728,Pre-Brexit (benign),6690.61,1.3
2014-10-01,-0.24302374666894766,720.0,1145.0,755.0,0.696,0.09419625734372648,13,14976.57391304348,6649.0199999999995,14976.57391304348,Pre-Brexit (benign),6649.0199999999995,1.3
2014-11-01,-0.2988386481353287,450.0,847.0,781.0,0.8128875,0.11003273890632485,8,15638.8995,6663.384444444444,15638.8995,Pre-Brexit (benign),6663.384444444444,1.1
2014-12-01,-0.3964483780416504,373.0,737.0,396.0,-0.20063999999999999,0.06514182347904263,5,15795.047619047618,6667.73,15795.047619047618,Pre-Brexit (benign),6667.73,0.7
2015-01-01,-0.10280009123734148,473.0,580.0,422.0,0.7156428571428571,0.11655545445032166,7,16125.659523809523,6554.897142857143,16125.659523809523,Pre-Brexit (benign),6554.897142857143,0.4
2015-01-01,-0.10280009123734148,473.0,580.0,422.0,0.7156428571428571,0.11655545445032166,7,16125.659523809523,6554.897142857143,16125.659523809523,Pre-Brexit (benign),6554.897142857143,0.5
2015-02-01,0.040603003073039275,607.0,598.0,436.0,0.9997999999999999,0.10850312126704985,7,16870.5535,6565.921,16870.5535,Pre-Brexit (benign),6565.921,0.4
2015-03-01,-0.22784173955139184,568.0,1028.0,872.0,0.8056090909090909,0.09150454390562932,11,17246.418636363636,6604.8125,17246.418636363636,Pre-Brexit (benign),6604.8125,0.3
2015-05-01,-0.2632753483456984,262.0,499.0,384.0,0.5586800000000001,0.09373287639086823,5,17920.856315789475,6674.08,17920.856315789475,Pre-Brexit (benign),6674.08,0.4
2015-06-01,-0.18081207791189918,601.0,922.0,682.0,0.5551,0.09648770786408245,9,17896.800909090907,6628.53125,17896.800909090907,Pre-Brexit (benign),6628.53125,0.3
2015-07-01,-0.34372361005081176,374.0,749.0,549.0,0.35114999999999996,0.09764735243423507,8,17554.145217391306,6506.703750000001,17554.145217391306,Pre-Brexit (benign),6506.703750000001,0.5
2015-08-01,-0.3434343434343434,32.0,66.0,42.0,0.9991,0.06888020607218308,1,17348.470999999998,6561.38375,17348.470999999998,Pre-Brexit (benign),6561.38375,0.4
2015-09-01,-0.1849457942312744,553.0,905.0,714.0,0.99825,0.10166935642804815,8,16849.399090909094,6563.255999999999,16849.399090909094,Pre-Brexit (benign),6563.255999999999,0.2
2015-10-01,-0.16893152478542306,874.0,1081.0,722.0,0.8307833333333333,0.10639918424027499,12,17012.96181818182,6597.860000000001,17012.96181818182,Pre-Brexit (benign),6597.860000000001,0.2
2015-11-01,-0.10171617483688425,376.0,534.0,482.0,0.9994000000000001,0.11723315381799214,9,17102.083333333332,6556.06875,17102.083333333332,Pre-Brexit (benign),6556.06875,0.4
2015-12-01,-0.25503087215565057,155.0,319.0,230.0,0.49987499999999996,0.11379955440463545,4,17246.428571428572,6616.29625,17246.428571428572,Pre-Brexit (benign),6616.29625,0.5
2016-01-01,-0.2395477679633132,500.0,771.0,497.0,0.7136857142857143,0.08504770484499093,7,16424.7045,6470.975555555556,16424.7045,Pre-Brexit (benign),6470.975555555556,1.0
2016-01-01,-0.2395477679633132,500.0,771.0,497.0,0.7136857142857143,0.08504770484499093,7,16424.7045,6470.975555555556,16424.7045,Pre-Brexit (benign),6470.975555555556,0.6
2016-02-01,-0.1822728512853479,424.0,644.0,382.0,0.7126428571428571,0.07849792939321706,7,15996.864761904764,6481.545714285714,15996.864761904764,Pre-Brexit (benign),6481.545714285714,0.6
2016-03-01,-0.2444187342218755,402.0,829.0,730.0,0.14844285714285713,0.09469054946250426,7,16764.138095238097,6395.892857142857,16764.138095238097,Pre-Brexit (benign),6395.892857142857,0.8
2016-04-01,-0.29199739296179456,261.0,543.0,346.0,0.6644,0.0738275081822862,6,16905.953333333335,6388.708888888889,16905.953333333335,Pre-Brexit (benign),6388.708888888889,0.7
2016-05-01,-0.25306065427476776,775.0,1192.0,958.0,0.6709333333333333,0.10142833892058711,12,16861.5035,6465.791111111112,16861.5035,Pre-Brexit (benign),6465.791111111112,0.7
2016-06-01,0.13257575757575757,166.0,131.0,183.0,0.0010999999999999899,0.10662271239995422,2,16609.453181818182,6462.94375,16609.453181818182,Brexit vote & aftermath (exciting),6462.94375,0.8
2016-07-01,-0.31048220909465585,158.0,294.0,282.0,0.99985,0.0856318960910033,2,16696.562857142857,6521.31,16696.562857142857,Brexit vote & aftermath (exciting),6521.31,0.9
2016-08-01,0.18947368421052632,56.0,38.0,39.0,0.9997,0.11514291823767626,1,17685.784090909092,6426.632,17685.784090909092,Brexit vote & aftermath (exciting),6426.632,1.0
2016-09-01,0.05395773097387441,568.0,592.0,562.0,0.7775666666666666,0.10743129992784942,9,17872.001363636366,6452.43875,17872.001363636366,Brexit vote & aftermath (exciting),6452.43875,1.3
2016-10-01,-0.20795863839038095,360.0,528.0,428.0,0.9994999999999999,0.08893662389910927,6,17929.109523809522,6396.187142857142,17929.109523809522,Brexit vote & aftermath (exciting),6396.187142857142,1.3
2016-11-01,-0.20332417010030907,641.0,1029.0,1059.0,0.79872,0.0979053239657289,10,17538.17,6367.786666666667,17538.17,Brexit vote & aftermath (exciting),6367.786666666667,1.5
2016-12-01,-0.05914087163351521,401.0,519.0,344.0,0.9991000000000001,0.0972959465492289,7,17734.947500000002,6466.162222222222,17734.947500000002,Brexit vote & aftermath (exciting),6466.162222222222,1.8
2017-01-01,0.08241929952830943,358.0,341.0,353.0,0.999,0.09736061103385132,4,18235.85714285714,7383.561428571428,18235.85714285714,Brexit vote & aftermath (exciting),7383.561428571428,1.9
2017-01-01,0.08241929952830943,358.0,341.0,353.0,0.999,0.09736061103385132,4,18235.85714285714,7383.561428571428,18235.85714285714,Brexit vote & aftermath (exciting),7383.561428571428,2.6
2017-02-01,-0.10897978743887599,481.0,689.0,559.0,0.5009125,0.11200737692982149,8,18622.686999999998,7389.481428571429,18622.686999999998,Brexit vote & aftermath (exciting),7389.481428571429,2.3
2017-03-01,-0.14242820392019925,702.0,897.0,750.0,0.9995714285714286,0.09814158023264662,7,18965.455217391303,7348.665555555556,18965.455217391303,Brexit vote & aftermath (exciting),7348.665555555556,2.3
2017-04-01,0.05090447132409003,482.0,537.0,383.0,0.33516666666666667,0.08763702143185408,6,19360.478888888887,7355.8275,19360.478888888887,Brexit vote & aftermath (exciting),7355.8275,2.6
2017-06-01,-0.06799324988195937,500.0,822.0,586.0,0.7919375,0.09963778208889104,8,19712.662727272727,7368.505999999999,19712.662727272727,Brexit vote & aftermath (exciting),7368.505999999999,2.6
2017-07-01,-0.20849875567266868,290.0,501.0,363.0,0.59972,0.11733441996538878,5,19536.03380952381,7385.211111111111,19536.03380952381,Brexit vote & aftermath (exciting),7385.211111111111,2.6
2017-08-01,-0.06535947712418301,71.0,81.0,88.0,0.9987,0.06934584013475273,1,19761.693636363638,7389.785,19761.693636363638,Brexit vote & aftermath (exciting),7389.785,2.7
2017-09-01,-0.02261831315287366,430.0,588.0,348.0,0.6664166666666667,0.1029929428981975,6,19603.079999999998,7392.7275,19603.079999999998,Brexit vote & aftermath (exciting),7392.7275,2.8
2017-10-01,0.005851442269378763,536.0,909.0,701.0,0.6663666666666667,0.11625145099158697,6,20143.596818181817,7371.412222222221,20143.596818181817,Brexit vote & aftermath (exciting),7371.412222222221,2.8
2017-11-01,-0.14398301276890285,538.0,854.0,523.0,0.25117500000000004,0.11336550775752355,8,20045.19818181818,7385.4025,20045.19818181818,Brexit vote & aftermath (exciting),7385.4025,2.8
2017-12-01,-0.24407796101949028,70.0,130.0,64.0,0.9989,0.09588795249422018,2,20179.30052631579,7432.86125,20179.30052631579,Brexit vote & aftermath (exciting),7432.86125,2.7
2018-01-01,0.03992810240212784,337.0,327.0,212.0,0.9995,0.0654400144173913,2,20693.61409090909,7450.2,20693.61409090909,Brexit vote & aftermath (exciting),7450.2,2.7
2018-01-01,0.03992810240212784,337.0,327.0,212.0,0.9995,0.0654400144173913,2,20693.61409090909,7450.2,20693.61409090909,Brexit vote & aftermath (exciting),7450.2,2.3
2018-02-01,-0.15990773314464232,394.0,594.0,377.0,0.9972333333333334,0.09788802481809528,6,19648.4165,7424.635,19648.4165,Brexit vote & aftermath (exciting),7424.635,2.5
2018-03-01,0.11533346395894357,366.0,335.0,190.0,0.99556,0.11015220490151675,5,19650.00047619048,7441.7425,19650.00047619048,Brexit vote & aftermath (exciting),7441.7425,2.3
2018-04-01,-0.12956315748966418,483.0,645.0,667.0,0.99648,0.09978361800279167,10,19870.037,7438.79625,19870.037,Brexit vote & aftermath (exciting),7438.79625,2.2
2018-05-01,-0.07239331854365132,120.0,151.0,150.0,0.9998,0.08885598743278111,2,20794.169523809524,7339.219999999999,20794.169523809524,Brexit vote & aftermath (exciting),7339.219999999999,2.3
2018-06-01,-0.04025274296443633,1014.0,1203.0,821.0,0.79651,0.10626078734930211,10,21007.069047619047,7281.036666666667,21007.069047619047,Brexit vote & aftermath (exciting),7281.036666666667,2.3
2018-07-01,-0.1757480119455098,230.0,338.0,326.0,0.492875,0.10077099264078056,4,20787.74,7290.461428571428,20787.74,Brexit vote & aftermath (exciting),7290.461428571428,2.3
2018-08-01,-0.21301775147928995,66.0,102.0,197.0,0.9999,0.07878832481300291,1,20636.23590909091,7433.49,20636.23590909091,Brexit vote & aftermath (exciting),7433.49,2.4
2018-09-01,-0.08665028248856299,532.0,590.0,464.0,0.990375,0.09651607640633282,8,20407.694,7408.6577777777775,20407.694,Brexit vote & aftermath (exciting),7408.6577777777775,2.2
2018-10-01,-0.1873643093459835,265.0,375.0,207.0,0.9969666666666667,0.09662635061363768,3,19151.596086956524,7402.7325,19151.596086956524,Brexit vote & aftermath (exciting),7402.7325,2.2
2018-11-01,0.16381105000258578,297.0,230.0,304.0,0.99905,0.11358099664329424,6,18806.302272727273,7395.17875,18806.302272727273,Brexit vote & aftermath (exciting),7395.17875,2.2
2018-12-01,0.0580899848583171,159.0,234.0,98.0,0.9994333333333333,0.12587753821198236,3,17692.536315789475,7302.647999999999,17692.536315789475,Brexit vote & aftermath (exciting),7302.647999999999,2.0
2019-01-01,-0.27269747623729923,114.0,164.0,142.0,0.5732,0.0781460760337181,2,18412.565454545456,7321.8375,18412.565454545456,Brexit vote & aftermath (exciting),7321.8375,1.8
2019-01-01,-0.27269747623729923,114.0,164.0,142.0,0.5732,0.0781460760337181,2,18412.565454545456,7321.8375,18412.565454545456,Brexit vote & aftermath (exciting),7321.8375,1.7
2019-02-01,-0.11782192445608392,429.0,484.0,350.0,0.8476,0.09900608697378478,4,19022.6895,7266.66625,19022.6895,Brexit vote & aftermath (exciting),7266.66625,1.8
2019-03-01,-0.01952708355577104,539.0,702.0,718.0,0.9948000000000001,0.0941444736217202,9,19210.707142857143,7223.78625,19210.707142857143,Brexit vote & aftermath (exciting),7223.78625,1.8
2019-04-01,0.19343008032663206,180.0,160.0,244.0,0.9926400000000001,0.10827335359796209,5,19686.7975,7225.058,19686.7975,Brexit vote & aftermath (exciting),7225.058,2.0
2019-05-01,-0.12253469133233952,761.0,1014.0,1003.0,0.39723846153846154,0.10331585461367508,13,19343.779523809524,7289.108888888888,19343.779523809524,Brexit vote & aftermath (exciting),7289.108888888888,1.9
2019-06-01,-0.01690597637100278,827.0,967.0,721.0,0.6006866666666667,0.1124189122233745,15,19223.9115,7245.611428571428,19223.9115,Brexit vote & aftermath (exciting),7245.611428571428,1.9
2019-07-01,-0.09855199079094344,547.0,762.0,625.0,0.4509727272727273,0.1277925356581094,11,19661.154347826086,7182.17625,19661.154347826086,Brexit vote & aftermath (exciting),7182.17625,2.0
2019-08-01,-0.1901639344262295,123.0,181.0,118.0,0.9999,0.09235716700002407,1,19089.088095238094,7233.075555555555,19089.088095238094,Brexit vote & aftermath (exciting),7233.075555555555,1.7
2019-09-01,-0.005678249029572098,507.0,708.0,657.0,0.4994375,0.11362668738583502,8,19874.08619047619,7245.7675,19874.08619047619,Brexit vote & aftermath (exciting),7245.7675,1.7
2019-10-01,0.033594236410889794,496.0,618.0,579.0,0.5537888888888889,0.11467223395533166,9,19889.360434782608,7267.796249999999,19889.360434782608,Brexit vote & aftermath (exciting),7267.796249999999,1.5
2019-12-01,-0.20797082990424687,142.0,199.0,170.0,0.9946333333333334,0.09716798528995345,3,21323.8105,7311.693333333334,21323.8105,Brexit vote & aftermath (exciting),7311.693333333334,1.4
2020-01-01,-0.048123346209618646,306.0,387.0,320.0,0.3335333333333333,0.08018114016665534,3,21665.70909090909,5952.605714285714,21665.70909090909,COVID shock (exciting),5952.605714285714,1.0
2020-01-01,-0.048123346209618646,306.0,387.0,320.0,0.3335333333333333,0.08018114016665534,3,21665.70909090909,5952.605714285714,21665.70909090909,COVID shock (exciting),5952.605714285714,1.8
2020-02-01,-0.12526419897181837,428.0,713.0,611.0,0.74915,0.10654275466765689,8,21308.172,6240.148888888889,21308.172,COVID shock (exciting),6240.148888888889,1.7
2020-03-01,-0.13787541604443013,326.0,445.0,322.0,0.3334,0.09420340656847881,3,15916.443181818182,6378.287,15916.443181818182,COVID shock (exciting),6378.287,1.5
2020-04-01,-0.1585082312022508,206.0,283.0,193.0,0.9992666666666666,0.09664147639649623,3,15611.348000000002,6327.4,15611.348000000002,COVID shock (exciting),6327.4,0.9
2020-05-01,-0.6035943517329909,67.0,269.0,189.0,-0.005200000000000038,0.08435287822556534,2,16314.340526315787,6353.638571428572,16314.340526315787,COVID shock (exciting),6353.638571428572,0.7
2020-06-01,-0.2616750488074017,389.0,510.0,299.0,0.49977499999999997,0.09042269430707364,4,17476.217727272728,6350.185555555556,17476.217727272728,COVID shock (exciting),6350.185555555556,0.8
2020-07-01,-0.488121480701834,462.0,1889.0,1597.0,-0.14397142857142858,0.08972021489135151,7,17282.63086956522,6371.344444444444,17282.63086956522,COVID shock (exciting),6371.344444444444,1.1
2020-08-01,-0.24096385542168675,31.0,51.0,43.0,0.9943,0.12507238198309628,1,17664.8815,6335.5085714285715,17664.8815,COVID shock (exciting),6335.5085714285715,0.5
2020-09-01,-0.39638991540944946,979.0,3341.0,2456.0,-0.2511125,0.08368495209129378,8,17413.722272727275,6285.7733333333335,17413.722272727275,COVID shock (exciting),6285.7733333333335,0.7
2020-10-01,-0.055345175213844286,1827.0,1385.0,1333.0,0.5021,0.11239970550035833,8,17741.895,6485.557777777778,17741.895,COVID shock (exciting),6485.557777777778,0.9
2020-11-01,-0.16912781213722863,395.0,534.0,420.0,0.9989857142857144,0.09757698064745741,7,19003.851904761905,6313.45875,19003.851904761905,COVID shock (exciting),6313.45875,0.6
2020-12-01,-0.3092857670375118,119.0,247.0,254.0,-0.26786666666666664,0.09063209964197812,3,20086.36380952381,6213.177142857143,20086.36380952381,COVID shock (exciting),6213.177142857143,0.8
2021-01-01,-0.29803239837211837,276.0,601.0,397.0,0.99842,0.08838136024344426,5,20649.376500000002,6959.12,20649.376500000002,COVID shock (exciting),6959.12,2.5
2021-01-01,-0.29803239837211837,276.0,601.0,397.0,0.99842,0.08838136024344426,5,20649.376500000002,6959.12,20649.376500000002,COVID shock (exciting),6959.12,0.9
2021-02-01,-0.2403177195239766,469.0,987.0,517.0,0.425,0.09396108952994457,7,21018.8615,7001.41375,21018.8615,COVID shock (exciting),7001.41375,0.7
2021-03-01,-0.19196362530172598,317.0,568.0,388.0,0.6871,0.10794700747689373,6,21410.86391304348,6980.417142857143,21410.86391304348,COVID shock (exciting),6980.417142857143,1.0
2021-04-01,0.039442698648887005,529.0,535.0,793.0,0.9998833333333333,0.1065982882069539,6,22296.051,6891.68375,22296.051,COVID shock (exciting),6891.68375,1.6
2021-05-01,-0.3141685490297699,792.0,1600.0,1012.0,0.9979,0.09443734759470614,11,22412.553157894738,6929.725,22412.553157894738,COVID shock (exciting),6929.725,2.1
2021-06-01,0.1628865806947999,272.0,237.0,270.0,0.99626,0.08832607733446819,5,22663.90590909091,7047.5925,22663.90590909091,COVID shock (exciting),7047.5925,2.4
2021-07-01,-0.20765573119733982,470.0,839.0,753.0,0.5390111111111111,0.09692827850263178,9,22742.703181818182,7083.4425,22742.703181818182,COVID shock (exciting),7083.4425,2.1
2021-09-01,-0.19742185367185366,240.0,427.0,370.0,0.9986,0.10591114022492282,4,23715.64181818182,7014.705555555555,23715.64181818182,COVID shock (exciting),7014.705555555555,2.9
2021-10-01,-0.2724932249322493,123.0,209.0,267.0,0.9683333333333334,0.08032965236309793,3,22842.828571428574,7035.49875,22842.828571428574,COVID shock (exciting),7035.49875,3.8
2021-11-01,-0.3463381168883816,168.0,380.0,332.0,0.9973000000000001,0.08683492796082612,4,23299.26909090909,6987.172500000001,23299.26909090909,COVID shock (exciting),6987.172500000001,4.6
2021-12-01,-0.2501491498458785,104.0,185.0,154.0,0.9944999999999999,0.09211105520152488,2,22964.50904761905,6977.323333333333,22964.50904761905,COVID shock (exciting),6977.323333333333,4.8
2022-01-01,-0.2782608695652174,41.0,73.0,63.0,0.9994,0.0782888645305312,1,22638.517499999998,7379.116666666667,22638.517499999998,Inflation surge (exciting),7379.116666666667,4.9
2022-01-01,-0.2782608695652174,41.0,73.0,63.0,0.9994,0.0782888645305312,1,22638.517499999998,7379.116666666667,22638.517499999998,Inflation surge (exciting),7379.116666666667,7.9
2022-02-01,-0.23540404040404042,135.0,264.0,195.0,0.33546666666666675,0.10995519058321017,3,21575.8095,7400.538333333333,21575.8095,Inflation surge (exciting),7400.538333333333,5.5
2022-03-01,-0.06711379060970182,542.0,493.0,423.0,0.9912000000000001,0.0794705793659359,4,20569.30782608696,7312.015,20569.30782608696,Inflation surge (exciting),7312.015,6.2
2022-04-01,-0.1477576171169069,382.0,912.0,681.0,0.34325,0.08244727489153357,6,20968.08263157895,7351.452222222223,20968.08263157895,Inflation surge (exciting),7351.452222222223,7.8
2022-05-01,-0.3418117313718004,501.0,1229.0,1553.0,0.43760000000000004,0.09279223352533551,7,19970.081904761904,7375.8325,19970.081904761904,Inflation surge (exciting),7375.8325,7.9
2022-06-01,-0.18038862145699944,224.0,309.0,468.0,0.9875333333333334,0.09149591908679672,6,19372.751,7370.1375,19372.751,Inflation surge (exciting),7370.1375,8.2
2022-07-01,-0.2169091125241125,649.0,1289.0,1254.0,0.9893444444444444,0.09987122596585915,9,19136.786190476192,7337.615,19136.786190476192,Inflation surge (exciting),7337.615,8.8
2022-09-01,-0.3725098891763771,322.0,920.0,791.0,0.6681499999999999,0.08702920616512955,6,18416.326666666668,7392.37875,18416.326666666668,Inflation surge (exciting),7392.37875,8.8
2022-10-01,-0.2669700412382736,310.0,509.0,342.0,0.6488,0.09460160690975823,6,17442.70142857143,7327.405,17442.70142857143,Inflation surge (exciting),7327.405,9.6
