month,lse_tone_mean,ftse250_mean_close,ftse100_mean_close,roll_corr_250,roll_corr_100
1998-09-01,-0.23300970873786409,4657.922727272728,5589.08,,
1998-10-01,-0.16207430340557274,4516.204545454545,5646.9625,,
1998-11-01,-0.31265117662476705,4885.033333333333,5611.05,,
1998-12-01,-0.3408061690947153,4761.9400000000005,5511.425,,
1999-01-01,-0.28035714285714286,4904.9349999999995,6257.677777777778,,
1999-01-01,-0.28035714285714286,4904.9349999999995,6257.677777777778,,
1999-02-01,-0.07876646196696746,5192.545,6282.25,,
1999-03-01,0.04886778167802326,5430.795652173913,6277.557142857143,,
1999-05-01,0.035593268324420745,5760.773684210526,6194.425,,
1999-06-01,0.1325021181672558,5829.072727272727,6359.9375,,
1999-08-01,-0.42767662620603797,5996.571428571428,6306.43,,
1999-09-01,-0.3582483979436483,5908.877272727273,6334.366666666667,0.22161884193484604,0.3029609024275558
1999-10-01,-0.05349943341086658,5631.0142857142855,6264.975,0.23999125070167984,0.3207070942782835
1999-11-01,-0.24521339406207826,5965.427272727273,6246.6125,0.22688807314437545,0.355898582129322
1999-12-01,-0.2294133654302764,6306.7300000000005,6270.666666666667,0.0952203003849535,0.27426734749879284
2000-01-01,-0.009451561421670118,6433.85,6418.371428571429,0.06393895615781371,0.12841454435668143
2000-01-01,-0.009451561421670118,6433.85,6418.371428571429,0.026025595195766173,0.1831335690127905
2000-02-01,0.0338837916456358,6227.490476190476,6400.357142857143,-0.11814104801784268,0.20783377734864192
2000-03-01,0.08257049623572357,6639.717391304348,6372.075,0.04375960038147446,0.262074324815927
2000-04-01,-0.11986028979493031,6235.955555555555,6394.411111111111,0.19248324394192454,0.29722237756825454
2000-05-01,-0.010044854355153357,6227.504761904762,6432.85,0.3119966343547706,0.5599270165448641
2000-06-01,0.15097311201708405,6514.695454545454,6469.188888888889,0.6012094634210934,0.6794475703987681
2000-07-01,0.20751231527093594,6719.785714285715,6443.64,0.6763575017369252,0.7186178524207524
2000-08-01,0.08634086803100888,6855.468181818182,6391.8,0.6315893133507244,0.7769194020079184
2000-09-01,-0.0725438596491228,6873.1238095238095,6362.3,0.6057390919819792,0.8340138177867027
2000-10-01,0.28469626423590616,6549.054545454546,6399.066666666667,0.4031449662112313,0.634977347819099
2000-11-01,-0.09890926067396655,6661.709090909091,6363.055555555556,0.2274274185930894,0.4430794464006953
2001-01-01,-0.05885153256704981,6640.090909090909,5614.528571428571,0.17408636360108293,0.306443933336156
2001-01-01,-0.05885153256704981,6640.090909090909,5614.528571428571,0.12911143492515326,0.3883710622451887
2001-02-01,-0.20585413787271759,6720.57,5675.044444444445,0.04102581580682955,0.531787637746079
2001-03-01,-0.08561523052318198,6299.231818181818,5476.85,0.10423405307460626,0.5351484134371091
2001-04-01,0.04654140339208513,6187.578947368421,5580.425,-0.05773359006737468,0.5522438167401039
2001-05-01,-0.15774270677007834,6533.1238095238095,5638.71,-0.055685383084622626,0.6260114307460111
2001-06-01,-0.3022302233045003,6463.314285714286,5622.466666666666,0.08867255232321458,0.6082094136075834
2001-07-01,-0.4649743067057375,6118.9047619047615,5609.0,0.34587109906285163,0.530509046818154
2001-08-01,-0.1276595744680851,6145.857142857143,5747.9,0.24818691215551156,0.4688978720310709
2001-09-01,-0.20625057933322574,5407.6,5650.455555555555,0.26479618641954566,0.514073625697714
2001-10-01,-0.1945781718620371,5343.809523809524,5511.7375,0.2222379363255715,0.09725072235638875
2001-11-01,-0.023792869036632136,5761.063636363636,5515.4875,0.09024593150971226,-0.2279863117015034
2001-12-01,-0.1875170905113481,5896.105263157895,5557.9400000000005,0.034561678289994235,-0.22924421506623222
2002-01-01,0.2450592885375494,5975.040909090909,4572.7,-0.09227394830141869,-0.7060841585450118
2002-01-01,0.2450592885375494,5975.040909090909,4572.7,-0.04899708106896988,-0.7951881831619896
2002-02-01,0.01931729600843707,5790.705,4563.3125,-0.08068534844473753,-0.7578760237822121
2002-03-01,-0.2346553330928331,6072.469999999999,4592.371428571429,-0.14120314810164464,-0.6594780737662498
2002-04-01,-0.08761294840516853,6158.5199999999995,4604.955555555555,-0.11557140621555807,-0.6356947823999055
2002-05-01,-0.10879010695187166,6129.290909090909,4592.722222222223,0.04067849064830724,-0.5717242885529564
2002-06-01,0.026044020609238,5717.611111111111,4518.9,0.2066523402260064,-0.5254936553135637
2002-09-01,-0.1411192214111922,4586.0952380952385,4526.2125,0.2909344729167765,-0.45845410220431587
2002-10-01,-0.1787037037037037,4295.608695652174,4602.1375,0.3387676745773838,-0.3256833193016375
2002-11-01,-0.08188383398289187,4483.7095238095235,4607.61,0.3091918636440569,-0.2125183923712809
2002-12-01,-0.08333138261610654,4359.755,4550.200000000001,0.3064321556241654,-0.302347406513387
2003-01-01,-0.13771929824561402,4265.428571428572,4058.6857142857143,0.41860981867442687,0.14857581170593023
2003-01-01,-0.13771929824561402,4265.428571428572,4058.6857142857143,0.3749883308632422,0.19357647986819462
2003-02-01,-0.27666666666666667,4053.3315789473686,4080.5125,0.38231322670905443,0.38510719690128425
2003-03-01,-0.14506016644174538,3977.1809523809525,4055.13,0.2927659272668801,0.3435611704757037
2003-04-01,-0.45977011494252873,4203.04,4026.1444444444446,0.49296381327357286,0.5847498552549409
2003-06-01,0.31748021380038566,4984.771428571428,3996.9625,0.4492202825425975,0.07883268003702856
2003-07-01,-0.5576923076923077,5151.952173913043,3977.3555555555554,0.25195515040628086,0.24466477849560406
2003-08-01,-0.2879089176240276,5458.085,4108.05,-0.029579816851861996,0.197836725062518
2003-09-01,-0.4435146443514644,5646.227272727273,4113.25,-0.21671109640358868,0.20960809303047295
2003-10-01,0.02032115171650055,5704.939130434783,4017.46,-0.04308036926113,0.1621020842526086
2003-11-01,-0.27512046068868257,5731.5650000000005,4025.9444444444443,-0.06318578764869023,0.09900605067557848
2004-01-01,-0.16021241314842846,5993.133333333333,4545.775,0.002649974268810234,0.008232495810959507
2004-01-01,-0.16021241314842846,5993.133333333333,4545.775,0.05675615788961233,0.058754099298863986
2004-02-01,0.03773584905660377,6183.3099999999995,4510.62,0.19956575799435894,0.20646999865560683
2004-03-01,-0.28768567221909214,6249.156521739131,4542.571428571428,0.12275328651610534,0.12818330292845817
2004-04-01,-0.15115562403697996,6308.8150000000005,4539.628571428571,0.22308625579086716,0.1577905744056489
2004-06-01,0.29891304347826086,6150.813636363636,4510.933333333333,0.1034864779076603,0.20198470706097837
2004-07-01,-0.14969741710693618,6069.504545454546,4535.3875,0.6157041304277595,0.4844685583367999
2004-08-01,-0.359375,5956.761904761905,4566.822222222222,0.39597324650938126,0.22450027396828973
2004-09-01,0.28242234772085517,6231.304545454546,4509.322222222222,0.4430150616123723,0.2121633371657798
2004-10-01,-0.0583986562150056,6312.966666666666,4519.4875,0.2679715290565895,0.028324504046844504
2004-11-01,-0.06283766718791141,6534.490909090909,4507.785714285715,0.3719701819857591,0.1815842249862575
2004-12-01,-0.39106145251396646,6754.480952380953,4479.6875,-0.13418981454700318,-0.33479766952718315
2005-01-01,-0.11034635839105113,7040.055,5160.266666666666,-0.13863727480671334,-0.0656427168244655
2005-01-01,-0.11034635839105113,7040.055,5160.266666666666,-0.1673194900564282,-0.07412386440641455
2005-02-01,-0.12083191581048287,7285.225,5207.857142857143,-0.12855120927272726,-0.055736212094550625
2005-03-01,-0.05244158863861417,7218.200000000001,5149.914285714286,-0.1497359125654308,-0.07549556842012557
2005-05-01,-0.14946026977685872,6883.08,5179.0,-0.18660545553783128,-0.12882225069433983
2005-06-01,-0.1167562724014337,7280.181818181818,5146.375,-0.003586173399510602,0.028888330471982783
2005-08-01,-0.15416666666666667,7686.618181818182,5211.444444444444,-0.06454227056097524,-0.009300176950970119
2005-09-01,-0.07892036124794746,7866.477272727273,5198.27375,-0.344868278255888,-0.16583951333153202
2005-10-01,-0.10442035210916878,7666.4047619047615,5112.6375,0.1051629543000282,0.3150184277834018
2005-11-01,-0.05871806951423786,8115.354545454545,5126.700000000001,0.36374177323084744,0.5202158001555969
2005-12-01,-0.1348314606741573,8579.256,5175.6,0.41603477104696174,0.893070193662602
2006-01-01,-0.08241318446787418,8967.943333333333,5913.7699999999995,0.2359099027938834,0.15811487935342344
2006-01-01,-0.08241318446787418,8967.943333333333,5913.7699999999995,0.30027331250329686,0.24781066633801252
2006-02-01,-0.1935897435897436,9366.8455,5923.74,-0.1323346740346478,-0.16210474391049579
2006-03-01,-0.13675,9681.899130434782,5904.64,-0.22778701803761497,-0.23140526474590994
2006-04-01,-0.3586206896551724,9883.250555555556,5941.57125,-0.45680541842819655,-0.39538092442081596
2006-05-01,-0.09001623376623377,9583.132857142857,5936.04875,-0.45900919658142814,-0.34137546671298735
2006-06-01,-0.050378787878787884,9129.41909090909,5925.273999999999,-0.4260431273501286,-0.24076584302747225
2006-07-01,0.013019427954668095,9284.642857142857,5920.872222222222,-0.40172855442316135,-0.1647901833910922
2006-08-01,-0.27631578947368424,9410.009545454544,5907.095,-0.4247410291288395,-0.18778392360434076
2006-09-01,-0.2310641998734978,9755.73380952381,5909.9725,-0.545758855067034,-0.20005683231191979
2006-10-01,-0.12728128204192274,10272.568181818182,5945.837777777778,-0.40094861028736584,-0.03811772091074452
2006-11-01,-0.04316372715175245,10616.833181818183,5943.93375,-0.1572062587363021,0.054873718110184724
2006-12-01,-0.2257104174272849,10993.71157894737,5912.8325,-0.2185287940724333,0.13945044863038647
2007-01-01,0.034198837996306346,11158.678636363637,6405.342857142858,0.14711439432155998,0.4729207345983897
2007-01-01,0.034198837996306346,11158.678636363637,6405.342857142858,0.27060766690176613,0.5755180589681168
2007-02-01,-0.15217215762273903,11467.337,6384.428888888889,0.2019731932256017,0.4630251442821915
2007-03-01,0.005627142466659352,11369.423636363637,6415.49625,0.24230071020332558,0.5242686762348509
2007-04-01,-0.4240506329113924,11902.105263157895,6479.06,-0.1253263638390486,0.08221520044420844
2007-05-01,-0.14850235196458217,12097.837142857144,6408.364,-0.07524981747723782,0.10742242989409483
2007-06-01,0.031317466558518275,11730.268095238096,6395.05875,0.1847205192798392,0.281878401355674
2007-07-01,-0.027142795688612303,11642.255454545455,6353.011428571429,0.027887448285497208,0.20345881855092288
2007-09-01,-0.24912807318467697,11089.73,6409.73375,-0.1628842215787469,0.0291039953712363
2007-10-01,-0.33554004909025403,11411.31347826087,6388.0325,-0.2249896617363382,-0.037222765672286266
2007-11-01,-0.20231021494902268,10814.084090909091,6491.7225,-0.07743854549556803,0.05310693812623697
2007-12-01,-0.2774566473988439,10480.522631578948,6439.485,0.04926059235662699,-0.4953412018219426
2008-01-01,-0.4935330156569095,9880.499090909092,5428.94375,0.44043375417169545,0.48268580385950455
2008-01-01,-0.4935330156569095,9880.499090909092,5428.94375,0.618959926088176,0.629202168625331
2008-02-01,-0.18780126022783264,10079.410476190476,5574.485,0.5348197595647092,0.5209430254141953
2008-03-01,-0.11285803237858032,9809.285789473684,5424.085555555556,0.37594722737714376,0.3270214317470481
2008-04-01,-0.2692737545826714,10096.67909090909,5495.780000000001,0.5675557973371625,0.4477126137020719
2008-06-01,-0.25037430694644447,9553.703333333335,5444.495714285715,0.5338657392022663,0.41198624417685364
2008-07-01,-0.11169334305931614,8716.34,5555.095555555556,0.1017233501184124,0.2335310194869642
2008-09-01,-0.3833758881184307,8746.298181818182,5497.39375,-0.0449939750046416,0.1405810824804444
2008-10-01,-0.4564402384389791,6706.872173913043,5235.604444444445,0.23606852387787516,0.22337559024744394
2008-11-01,-0.36535738936791706,6147.33,5397.6050000000005,0.3272811869985698,0.32023667792673893
2008-12-01,-0.08040201005025126,6158.3909523809525,5388.8825,-0.02565187295159726,0.14419684052921083
2009-01-01,-0.47260304869373915,6411.688095238096,4603.63,0.10080796569346898,0.44205800371693055
2009-01-01,-0.47260304869373915,6411.688095238096,4603.63,0.3088384469748194,0.5815529151731947
2009-02-01,-0.42908937399128727,6268.8910000000005,4533.9800000000005,0.5263146109507891,0.698478111983085
2009-03-01,-0.356075690309701,6147.399090909091,4461.704444444444,0.48985429888520415,0.6363657669554466
2009-04-01,-0.36076762246117083,7070.8725,4602.104285714286,0.37686351456082473,0.6068424321104232
2009-05-01,-0.2590565676420432,7613.05894736842,4488.87875,0.3699432537452744,0.49169164073081345
2009-06-01,-0.18787489593883736,7516.076818181818,4446.41,0.35622230261282956,0.3163504493885104
2009-07-01,-0.3068879094287443,7575.779130434783,4638.50125,0.12690744542337407,0.10713322901887642
2009-08-01,-0.3679060665362035,8487.2305,4595.4425,0.1706031173912761,0.19249925059227646
2009-09-01,-0.19918597751897513,9071.063181818181,4545.094999999999,0.31848265722615776,0.30066759780614116
2009-10-01,-0.418348217539804,9252.195,4584.62875,0.11815652388467103,0.5065263289896726
2009-11-01,-0.38166673216044217,9152.50857142857,4629.57125,0.3565514977964196,-0.5320740849313123
2009-12-01,-0.29151119433905553,9124.200476190475,4551.4262499999995,0.30048737869824804,-0.49952258382442594
2010-01-01,-0.35258654820709956,9480.3625,5407.08,0.09782087478739883,-0.21437763969852203
2010-01-01,-0.35258654820709956,9480.3625,5407.08,-0.16212008670681052,-0.30844239263125345
2010-02-01,-0.3236466595963397,9245.0905,5381.24,-0.33490614395193535,-0.3230094033049028
2010-03-01,-0.2956237086715714,9924.916086956522,5473.78,-0.45068770476596387,-0.2858680571043638
2010-04-01,-0.37037037037037035,10449.628,5438.605,-0.44677649169605566,-0.298435814832368
2010-05-01,-0.3436619718309859,9780.315789473685,5403.19125,-0.1699728787024229,-0.13633622769418483
2010-06-01,-0.32166279355230387,9685.395909090908,5469.95375,-0.0761621973840058,-0.07547109906927608
2010-07-01,-0.2999433765271498,9778.644545454545,5421.76,-0.19781789485710438,-0.11135883861629792
2010-08-01,-0.2113323124042879,9904.727142857142,5481.143,0.24126272254039083,0.402176091396613
2010-09-01,-0.24132577655572612,10402.09,5476.861111111111,0.31947471304608355,0.23453266981644053
2010-10-01,-0.2733754648285439,10813.172380952381,5475.0525,0.2787029568777996,-0.003825726786441515
2010-11-01,-0.28726299230789715,10855.671818181818,5443.4425,0.3717314608151019,0.6929522085955704
2010-12-01,-0.2548544337606838,11351.877619047618,5479.938888888889,0.4080578362836129,0.6917476356046294
2011-01-01,-0.2413285630433987,11655.0925,5769.54,0.4382926681106992,0.5075625782323196
2011-01-01,-0.2413285630433987,11655.0925,5769.54,0.45279507464115665,0.5189388196796334
2011-02-01,-0.22392856234658962,11698.598,5687.098571428572,0.5192736229764996,0.5745793520182443
2011-03-01,-0.2381330982869816,11518.82652173913,5733.138571428572,0.6073461075696754,0.5985305237616259
2011-04-01,-0.16827135162365342,11717.762222222222,5764.996666666667,0.5780036032835115,0.6292264466863455
2011-05-01,-0.14645129583924824,11929.9185,5626.82875,0.5304937539622634,0.5207580940493024
2011-06-01,-0.3598977021394366,11768.967272727272,5740.03875,0.09425010102698297,0.10866677720405432
2011-07-01,-0.47090752762892596,11829.433333333334,5761.543,-0.02330304880015363,-0.10458225078110892
2011-08-01,-0.32479566718905944,10293.071818181817,5709.083333333333,0.16999230493696388,-0.10201219912387158
2011-09-01,-0.2995592928761552,10141.957727272727,5644.7225,0.20115993626401235,-0.11310926439782731
2011-10-01,-0.25798102047729127,10196.165238095238,5682.1587500000005,0.1447427487996261,-0.20313154529477467
2011-11-01,-0.34367132714257115,10108.921818181818,5774.234444444444,0.23231760893319275,-0.33266826185908693
2011-12-01,-0.3091596638655462,10022.5135,5643.5525,0.23447265399830314,-0.3163557021210792
2012-01-01,-0.3008847441415591,10565.137142857144,5741.368571428572,0.21481478686179253,-0.39443100430966843
2012-01-01,-0.3008847441415591,10565.137142857144,5741.368571428572,0.16481234065510517,-0.37625894061339826
2012-02-01,-0.37174855101114385,11304.593809523809,5790.1425,0.07134844675467833,-0.46366023553513863
2012-03-01,-0.2844289912023063,11575.489090909092,5792.926666666666,-0.07872501332433349,-0.5988076428217212
2012-04-01,-0.21633484105404924,11376.374736842105,5725.797142857143,-0.3697497127827199,-0.3545094264085631
2012-05-01,-0.4770279900659223,10771.950909090909,5771.925,-0.27132680877386933,-0.4165081045541424
2012-06-01,-0.41104578067798697,10712.089473684211,5747.427777777778,0.03608957036846557,-0.3958030591544541
2012-07-01,-0.5432098765432098,11066.927727272727,5781.647142857143,-0.11850669168494347,-0.4648020055366301
2012-08-01,-0.4954128440366973,11431.538181818181,5741.285714285715,-0.21592420774213686,-0.41189830012129497
2012-09-01,-0.2665695669549317,11809.3405,5748.005,0.03835221683270634,-0.31245065851085074
2012-10-01,-0.33496438250506116,11940.38652173913,5743.478888888889,0.09609220742825046,-0.3298409358096436
2012-11-01,-0.32993316898535235,11880.250454545456,5690.605,0.25211369415982277,-0.33761832862235175
2012-12-01,-0.24518115942028984,12252.474736842105,5737.348888888889,0.4725280881038197,-0.35209208663299785
2013-01-01,-0.29557422969187674,12865.957727272727,6480.234285714286,0.5958591159016142,0.132779686899374
2013-01-01,-0.29557422969187674,12865.957727272727,6480.234285714286,0.5871296547257253,0.2033140455621182
2013-02-01,-0.09781920709995985,13494.66,6433.69625,0.7429886913408658,0.44398750001248666
2013-03-01,-0.15566037735849056,13960.266500000002,6399.24375,0.8653578584688292,0.6030352751824994
2013-04-01,-0.04776866252728322,13779.715714285712,6420.889,0.8751232041619132,0.6445374764151445
2013-05-01,-0.24104587293888877,14401.32619047619,6461.834444444445,0.8041194387382719,0.6135937618157821
2013-06-01,-0.27744794227808267,13824.8135,6500.615714285714,0.6914409959301229,0.5422817710832194
2013-07-01,-0.20911568746214415,14600.114782608696,6418.395,0.5575537875737643,0.44998277065732945
2013-08-01,-0.20181731229076996,14924.292380952382,6412.84,0.5389529902615948,0.45034838949265765
2013-09-01,0.03793939447154817,15056.849999999999,6441.15,0.5878891389790629,0.3293709859960417
2013-10-01,-0.22516990296534234,15177.989565217391,6444.6325,0.3983666582359461,0.09045902848705575
2013-11-01,-0.20450897520092565,15327.76,6451.361,0.30935553483505634,-0.5542032998322278
2013-12-01,-0.04867089621455628,15464.978500000001,6490.348888888889,0.29255991146522475,-0.26294973183029374
2014-01-01,-0.1881122559050169,15995.07090909091,6711.825714285714,0.004106864570751084,-0.1561336830108063
2014-01-01,-0.1881122559050169,15995.07090909091,6711.825714285714,0.056405676568874095,-0.1596782756999205
2014-02-01,-0.3445006565227466,16153.739000000001,6737.1875,-0.15572229956479025,-0.3855208442960487
2014-03-01,-0.08504423943987255,16330.510952380951,6686.142,0.1675202043744614,-0.188508904496343
2014-04-01,-0.230447400258721,16026.645499999999,6704.677777777779,0.06634352576256038,-0.2655936158108521
2014-05-01,-0.2622365761293309,15800.6685,6695.194285714286,-0.2128556422835387,-0.3699649181042797
2014-06-01,-0.2808880202752235,15849.930952380952,6685.6537499999995,-0.33594177894497396,-0.4643710475795769
2014-07-01,-0.33680131470918695,15663.669130434782,6660.308888888889,-0.36430614979203246,-0.5376057486894995
2014-08-01,-0.10795454545454546,15632.0095,6680.83625,-0.07864577427791744,-0.2895042562832563
2014-09-01,-0.07904031165181304,15690.547727272728,6690.61,-0.1765884716468793,-0.31836859792122985
2014-10-01,-0.24302374666894766,14976.57391304348,6649.0199999999995,-0.05523806374009302,-0.46204661498954214
2014-11-01,-0.2988386481353287,15638.8995,6663.384444444444,0.13720776515322047,0.018008628681780804
2014-12-01,-0.3964483780416504,15795.047619047618,6667.73,0.10701614073601276,0.1006695705031299
2015-01-01,-0.10280009123734148,16125.659523809523,6554.897142857143,0.17758405949371248,-0.28059160811754535
2015-01-01,-0.10280009123734148,16125.659523809523,6554.897142857143,0.37253802004039666,-0.3112577373766717
2015-02-01,0.040603003073039275,16870.5535,6565.921,0.5665435212694424,-0.5636633704549218
2015-03-01,-0.22784173955139184,17246.418636363636,6604.8125,0.3781697615571075,-0.5443909552914075
2015-05-01,-0.2632753483456984,17920.856315789475,6674.08,0.15943254389054282,-0.5440388085547483
2015-06-01,-0.18081207791189918,17896.800909090907,6628.53125,0.1348901455411105,-0.5189814143372394
2015-07-01,-0.34372361005081176,17554.145217391306,6506.703750000001,-0.0745906649119723,-0.15314866632965193
2015-08-01,-0.3434343434343434,17348.470999999998,6561.38375,-0.09516657896432462,-0.1345324547993917
2015-09-01,-0.1849457942312744,16849.399090909094,6563.255999999999,0.0016184340368858687,-0.32499051821627456
2015-10-01,-0.16893152478542306,17012.96181818182,6597.860000000001,-0.03031376192363462,-0.31848668001230396
2015-11-01,-0.10171617483688425,17102.083333333332,6556.06875,-0.14131605158139432,-0.29400438134690254
2015-12-01,-0.25503087215565057,17246.428571428572,6616.29625,-0.5738663823496645,-0.09604325903694158
2016-01-01,-0.2395477679633132,16424.7045,6470.975555555556,-0.4403508398624094,0.0319887358538488
2016-01-01,-0.2395477679633132,16424.7045,6470.975555555556,-0.2701088601741757,0.10361250233406492
2016-02-01,-0.1822728512853479,15996.864761904764,6481.545714285714,-0.27824471629320097,0.07811009090272127
2016-03-01,-0.2444187342218755,16764.138095238097,6395.892857142857,-0.2651338150144012,0.10502424214086459
2016-04-01,-0.29199739296179456,16905.953333333335,6388.708888888889,-0.20512001777921648,0.3142800316041917
2016-05-01,-0.25306065427476776,16861.5035,6465.791111111112,-0.40513098691482213,0.2576015374651868
2016-06-01,0.13257575757575757,16609.453181818182,6462.94375,-0.24516237239706573,0.005488070697259403
2016-07-01,-0.31048220909465585,16696.562857142857,6521.31,-0.07180078588353773,0.07518157879234773
2016-08-01,0.18947368421052632,17685.784090909092,6426.632,0.38940530719988126,-0.13268424127984718
2016-09-01,0.05395773097387441,17872.001363636366,6452.43875,0.5098036812243328,-0.1760193835366418
2016-10-01,-0.20795863839038095,17929.109523809522,6396.187142857142,0.3857064941268914,-0.17941655966387535
2016-11-01,-0.20332417010030907,17538.17,6367.786666666667,0.37876085530306874,-0.003218679592307332
2016-12-01,-0.05914087163351521,17734.947500000002,6466.162222222222,0.37439472478362706,0.05344494032552001
2017-01-01,0.08241929952830943,18235.85714285714,7383.561428571428,0.43570960899995054,0.3460464002874691
2017-01-01,0.08241929952830943,18235.85714285714,7383.561428571428,0.5056708080823468,0.4367877720110461
2017-02-01,-0.10897978743887599,18622.686999999998,7389.481428571429,0.3667758488072808,0.3192918351020744
2017-03-01,-0.14242820392019925,18965.455217391303,7348.665555555556,0.15743976317915515,0.17701899599212156
2017-04-01,0.05090447132409003,19360.478888888887,7355.8275,0.11486527603641572,0.166958224466074
2017-06-01,-0.06799324988195937,19712.662727272727,7368.505999999999,0.28259596380612256,0.2500078199194036
2017-07-01,-0.20849875567266868,19536.03380952381,7385.211111111111,-0.20371657283248815,0.0261066767037243
2017-08-01,-0.06535947712418301,19761.693636363638,7389.785,-0.034859227640665416,0.2745572911181487
2017-09-01,-0.02261831315287366,19603.079999999998,7392.7275,0.1126171454498606,0.49053012705479715
2017-10-01,0.005851442269378763,20143.596818181817,7371.412222222221,0.06675863542451269,0.3741699456361323
2017-11-01,-0.14398301276890285,20045.19818181818,7385.4025,-0.31676361280753057,0.029545037704203237
2017-12-01,-0.24407796101949028,20179.30052631579,7432.86125,-0.5140400897124667,-0.4103696467226982
2018-01-01,0.03992810240212784,20693.61409090909,7450.2,-0.1436147798847459,-0.09747139572665275
2018-01-01,0.03992810240212784,20693.61409090909,7450.2,0.3186780483458382,0.1193384221746226
2018-02-01,-0.15990773314464232,19648.4165,7424.635,0.3311721570110118,0.04296840998934338
2018-03-01,0.11533346395894357,19650.00047619048,7441.7425,0.1402711375028444,0.12483416246311083
2018-04-01,-0.12956315748966418,19870.037,7438.79625,0.30255435443275863,0.23701658286268232
2018-05-01,-0.07239331854365132,20794.169523809524,7339.219999999999,0.2634327640587654,0.21353512157104787
2018-06-01,-0.04025274296443633,21007.069047619047,7281.036666666667,0.148626327491384,0.06438344036702791
2018-07-01,-0.1757480119455098,20787.74,7290.461428571428,0.025912561597764613,0.221605341306292
2018-08-01,-0.21301775147928995,20636.23590909091,7433.49,0.007942103148095162,0.13158069574354103
2018-09-01,-0.08665028248856299,20407.694,7408.6577777777775,0.04187089657988935,0.16694268996309963
2018-10-01,-0.1873643093459835,19151.596086956524,7402.7325,0.16804855929941925,0.1490442211612655
2018-11-01,0.16381105000258578,18806.302272727273,7395.17875,-0.2308111858070429,0.20116356994656068
2018-12-01,0.0580899848583171,17692.536315789475,7302.647999999999,-0.40996807877586733,0.005652582052314852
2019-01-01,-0.27269747623729923,18412.565454545456,7321.8375,-0.23708180801462023,0.0446858649910938
2019-01-01,-0.27269747623729923,18412.565454545456,7321.8375,-0.07874068446511161,0.17249990313722607
2019-02-01,-0.11782192445608392,19022.6895,7266.66625,-0.08705839948399371,-0.0013192431524615504
2019-03-01,-0.01952708355577104,19210.707142857143,7223.78625,-0.09955634737106223,-0.08808039274744676
2019-04-01,0.19343008032663206,19686.7975,7225.058,-0.07119431674562407,-0.30330311388464687
2019-05-01,-0.12253469133233952,19343.779523809524,7289.108888888888,-0.1238684927500101,-0.27974976101842625
2019-06-01,-0.01690597637100278,19223.9115,7245.611428571428,-0.040019453358031455,-0.3321467198224184
2019-07-01,-0.09855199079094344,19661.154347826086,7182.17625,0.12398689765920878,-0.16966451196661503
2019-08-01,-0.1901639344262295,19089.088095238094,7233.075555555555,0.1664778939879535,-0.10244476600461945
2019-09-01,-0.005678249029572098,19874.08619047619,7245.7675,0.22229515670257524,0.014168084478143694
2019-10-01,0.033594236410889794,19889.360434782608,7267.796249999999,0.3689802386300755,-0.43061148347911865
2019-12-01,-0.20797082990424687,21323.8105,7311.693333333334,0.2850166510752166,-0.6118773574411244
2020-01-01,-0.048123346209618646,21665.70909090909,5952.605714285714,0.1426216434921313,-0.11640574002539746
2020-01-01,-0.048123346209618646,21665.70909090909,5952.605714285714,-0.07377961977679708,-0.048758940487223776
2020-02-01,-0.12526419897181837,21308.172,6240.148888888889,-0.19970274037333288,0.06406717282637489
2020-03-01,-0.13787541604443013,15916.443181818182,6378.287,0.05900021259117201,0.10439531187587975
2020-04-01,-0.1585082312022508,15611.348000000002,6327.4,0.2641035311260587,0.013478766484389938
2020-05-01,-0.6035943517329909,16314.340526315787,6353.638571428572,0.48495284556067453,0.20532443334644923
2020-06-01,-0.2616750488074017,17476.217727272728,6350.185555555556,0.5230610229091234,0.18066407369248846
2020-07-01,-0.488121480701834,17282.63086956522,6371.344444444444,0.5512047834561905,0.19763070005616282
2020-08-01,-0.24096385542168675,17664.8815,6335.5085714285715,0.5556716498130523,0.22413067961813474
2020-09-01,-0.39638991540944946,17413.722272727275,6285.7733333333335,0.5608829480326739,0.11842887214315188
2020-10-01,-0.055345175213844286,17741.895,6485.557777777778,0.49092169248434103,-0.1572835919733365
2020-11-01,-0.16912781213722863,19003.851904761905,6313.45875,0.5209947430515202,-0.3933377184071766
2020-12-01,-0.3092857670375118,20086.36380952381,6213.177142857143,0.3857836806826385,-0.23548629350234124
2021-01-01,-0.29803239837211837,20649.376500000002,6959.12,0.1852410530631068,0.00292309507692677
2021-01-01,-0.29803239837211837,20649.376500000002,6959.12,0.0167613213433066,0.03879696579545786
2021-02-01,-0.2403177195239766,21018.8615,7001.41375,0.17932187622725254,0.11694377450102804
2021-03-01,-0.19196362530172598,21410.86391304348,6980.417142857143,0.4312145092799982,0.25317029027775956
2021-04-01,0.039442698648887005,22296.051,6891.68375,0.4452320168060834,0.3058911338093433
2021-05-01,-0.3141685490297699,22412.553157894738,6929.725,0.3437446309636468,0.24915917137235832
2021-06-01,0.1628865806947999,22663.90590909091,7047.5925,0.3792749776779353,0.31469384159345504
2021-07-01,-0.20765573119733982,22742.703181818182,7083.4425,0.3404084529786444,0.2775288781000423
2021-09-01,-0.19742185367185366,23715.64181818182,7014.705555555555,0.11340089044864393,0.10714401112778531
2021-10-01,-0.2724932249322493,22842.828571428574,7035.49875,0.2941024098263678,0.1755744549900524
2021-11-01,-0.3463381168883816,23299.26909090909,6987.172500000001,0.2607434862552773,0.22126197742374734
2021-12-01,-0.2501491498458785,22964.50904761905,6977.323333333333,0.15399248934015147,0.07824784438136458
2022-01-01,-0.2782608695652174,22638.517499999998,7379.116666666667,0.05203177918991664,-0.13156293276993922
2022-01-01,-0.2782608695652174,22638.517499999998,7379.116666666667,-0.09529482924707879,-0.2385159638296848
2022-02-01,-0.23540404040404042,21575.8095,7400.538333333333,-0.13648994104373666,-0.2552435119083862
2022-03-01,-0.06711379060970182,20569.30782608696,7312.015,-0.28737157528089113,-0.15917147635092554
2022-04-01,-0.1477576171169069,20968.08263157895,7351.452222222223,-0.30181872617268757,0.05840620885038607
2022-05-01,-0.3418117313718004,19970.081904761904,7375.8325,-0.049224888989553246,-0.13676710959061159
2022-06-01,-0.18038862145699944,19372.751,7370.1375,-0.3365017650079524,0.18577056398780148
2022-07-01,-0.2169091125241125,19136.786190476192,7337.615,-0.348556567339326,0.22576743347364478
2022-09-01,-0.3725098891763771,18416.326666666668,7392.37875,-0.11920436829266631,0.17716043894429864
2022-10-01,-0.2669700412382736,17442.70142857143,7327.405,-0.04681134809039291,0.1518730356942678
